Company Name,Code,Campaign,Industry,Language,Country,First Name,Last Name,Position/Title,Email,Work Phone,Cel phone,Street Address,City,State/Province,Comments
Microsoft,4587691,5,Software,en,USA,Name Test1,Lname Test1,Programmer,ealx261@hotmail.com,123456,5558795,Av. Test 541,City Test,State Test,Test test test
Microsoft,4587693,5,Software,en,USA,Name Test2,Lname Test2,Programmer,ealx262@hotmail.com,123456,5558795,Av. Test 541,City Test,State Test,Test test test
Microsoft,4587694,5,Software,es,USA,Name Test3,Lname Test3,Programmer,ealx263@hotmail.com,123456,5558795,Av. Test 541,City Test,State Test,Test test test
Microsoft,4587695,5,Software,en,USA,Name Test4,Lname Test4,Programmer,ealx264@hotmail.com,123456,5558795,Av. Test 541,City Test,State Test,Test test test
Microsoft,4587696,5,Software,en,USA,Name Test5,Lname Test5,Programmer,ealx265@hotmail.com,123456,5558795,Av. Test 541,City Test,State Test,Test test test
Microsoft,4587697,5,Software,en,USA,Name Test6,Lname Test6,Programmer,ealx266@hotmail.com,123456,5558795,Av. Test 541,City Test,State Test,Test test test
Microsoft,4587698,5,Software,en,USA,Name Test7,Lname Test7,Programmer,ealx267@hotmail.com,123456,5558795,Av. Test 541,City Test,State Test,Test test test
Microsoft,4587699,5,Software,en,USA,Name Test8,Lname Test8,Programmer,ealx268@hotmail.com,123456,5558795,Av. Test 541,City Test,State Test,Test test test
Microsoft,4587700,5,Software,en,USA,Name Test9,Lname Test9,Programmer,ealx269@hotmail.com,123456,5558795,Av. Test 541,City Test,State Test,Test test test
Microsoft,4587701,5,Software,en,USA,Name Test10,Lname Test10,Programmer,ealx270@hotmail.com,123456,5558795,Av. Test 541,City Test,State Test,Test test test
Microsoft,4587702,5,Software,en,USA,Name Test11,Lname Test11,Programmer,ealx271@hotmail.com,123456,5558795,Av. Test 541,City Test,State Test,Test test test
Microsoft,4587703,5,Software,en,USA,Name Test12,Lname Test12,Programmer,ealx272@hotmail.com,123456,5558795,Av. Test 541,City Test,State Test,Test test test
